{
    "BiLSTM": {
        "Accuracy": 0.8348837209302326,
        "Precision": 0.827217457604332,
        "Recall": 0.8175412177046183,
        "F1_Score": 0.8211341451162134
    },
    "LSTM": {
        "Accuracy": 0.7121334681496461,
        "Precision": 0.6707173844550003,
        "Recall": 0.6383406951803055,
        "F1_Score": 0.6471111995248934
    },
    "CNN": {
        "Accuracy": 0.8360970677451972,
        "Precision": 0.8398170983213047,
        "Recall": 0.8100705052068403,
        "F1_Score": 0.8214558150762069
    }
}